product,store,forecast,safety_stock,reorder_point,order_quantity
P1,S1,21.81767502447165,28.423801308981616,181.14752648028318,159.32985145581154
P1,S2,22.21709795093057,30.03982104755838,185.55950670407236,163.3424087531418
P2,S1,21.954725485948103,27.93805216243233,181.62113056406906,159.66640507812096
P2,S2,21.943455821465697,28.434893820372384,182.03908457063227,160.09562874916656
P3,S1,22.530918245462466,29.805295074839194,187.52172279307646,164.990804547614
P3,S2,22.508740552227056,29.123998049102596,186.68518191469198,164.1764413624649
